{
	"IcoMoonType": "selection",
	"icons": [
		{
			"icon": {
				"paths": [
					"M544.010 1024.004c-2.296 0-4.622-0.25-6.94-0.764-14.648-3.25-25.070-16.238-25.070-31.24v-480h-480c-15.002 0-27.992-10.422-31.24-25.070-3.25-14.646 4.114-29.584 17.708-35.928l960-448c12.196-5.688 26.644-3.144 36.16 6.372 9.516 9.514 12.060 23.966 6.372 36.16l-448 960c-5.342 11.44-16.772 18.47-28.99 18.47zM176.242 448h367.758c17.674 0 32 14.328 32 32v367.758l349.79-749.546-749.548 349.788z"
				],
				"attrs": [],
				"tags": [
					"compass",
					"direction",
					"location"
				],
				"grid": 16
			},
			"attrs": [],
			"properties": {
				"order": 2,
				"id": 1524,
				"prevSize": 32,
				"ligatures": "compass, direction",
				"name": "compass",
				"code": 58880
			},
			"setIdx": 0,
			"setId": 0,
			"iconIdx": 73
		},
		{
			"icon": {
				"paths": [
					"M1024 384h-384l143.53-143.53c-72.53-72.526-168.96-112.47-271.53-112.47s-199 39.944-271.53 112.47c-72.526 72.53-112.47 168.96-112.47 271.53s39.944 199 112.47 271.53c72.53 72.526 168.96 112.47 271.53 112.47s199-39.944 271.528-112.472c6.056-6.054 11.86-12.292 17.456-18.668l96.32 84.282c-93.846 107.166-231.664 174.858-385.304 174.858-282.77 0-512-229.23-512-512s229.23-512 512-512c141.386 0 269.368 57.326 362.016 149.984l149.984-149.984v384z"
				],
				"attrs": [],
				"tags": [
					"spinner",
					"loading",
					"loading-wheel",
					"refresh",
					"repeat",
					"busy",
					"wait",
					"arrow"
				],
				"grid": 16
			},
			"attrs": [],
			"properties": {
				"order": 3,
				"id": 1591,
				"prevSize": 32,
				"ligatures": "spinner11, loading12",
				"name": "spinner11",
				"code": 58881
			},
			"setIdx": 0,
			"setId": 0,
			"iconIdx": 132
		},
		{
			"icon": {
				"paths": [
					"M755.188 64c-107.63 0-200.258 87.554-243.164 179-42.938-91.444-135.578-179-243.216-179-148.382 0-268.808 120.44-268.808 268.832 0 301.846 304.5 380.994 512.022 679.418 196.154-296.576 511.978-387.206 511.978-679.418 0-148.392-120.43-268.832-268.812-268.832z"
				],
				"attrs": [],
				"tags": [
					"heart",
					"like",
					"love",
					"favorite"
				],
				"grid": 16
			},
			"attrs": [],
			"properties": {
				"id": 871,
				"order": 1,
				"prevSize": 32,
				"ligatures": "heart, like",
				"name": "heart",
				"code": 58882
			},
			"setIdx": 0,
			"setId": 0,
			"iconIdx": 218
		}
	],
	"height": 1024,
	"metadata": {
		"name": "icomoon"
	},
	"preferences": {
		"showGlyphs": true,
		"showQuickUse": true,
		"showQuickUse2": true,
		"showSVGs": true,
		"fontPref": {
			"prefix": "icon-",
			"metadata": {
				"fontFamily": "icomoon"
			},
			"metrics": {
				"emSize": 1024,
				"baseline": 6.25,
				"whitespace": 50
			},
			"embed": false
		},
		"imagePref": {
			"prefix": "icon-",
			"png": true,
			"useClassSelector": true,
			"color": 4473924,
			"bgColor": 16777215
		},
		"historySize": 100,
		"showCodes": false
	}
}